user_id,signup_date,country
user_1,2023-10-03,FR
user_2,2023-08-25,NG
user_3,2023-06-16,CA
user_4,2022-12-06,BR
user_5,2023-06-21,FR
user_6,2022-01-31,IN
user_7,2023-11-09,FR
user_8,2023-10-09,CA
user_9,2022-01-05,BR
user_10,2022-03-26,NG
user_11,2023-10-16,CA
user_12,2023-08-05,CA
user_13,2023-08-29,IN
user_14,2022-08-03,DE
user_15,2022-06-30,BR
user_16,2022-03-12,UK
user_17,2022-10-11,CA
user_18,2023-11-26,DE
user_19,2022-02-02,UK
user_20,2022-06-29,BR
user_21,2022-04-03,US
user_22,2022-03-25,DE
user_23,2023-10-23,AU
user_24,2022-04-30,US
user_25,2023-12-25,IN
user_26,2022-03-31,FR
user_27,2022-04-09,NG
user_28,2022-08-07,AU
user_29,2022-07-10,IN
user_30,2023-02-07,BR
user_31,2023-04-25,IN
user_32,2023-05-18,FR
user_33,2023-12-06,BR
user_34,2023-01-05,AU
user_35,2022-10-24,FR
user_36,2022-05-27,UK
user_37,2023-11-22,NG
user_38,2022-02-16,AU
user_39,2023-10-22,UK
user_40,2022-11-23,AU
user_41,2023-02-20,BR
user_42,2023-08-29,UK
user_43,2023-01-14,NG
user_44,2022-06-07,FR
user_45,2022-07-02,CA
user_46,2023-07-21,IN
user_47,2022-10-03,US
user_48,2023-08-26,NG
user_49,2023-08-31,UK
user_50,2023-08-07,CA
user_51,2023-05-09,NG
user_52,2023-02-13,UK
user_53,2022-12-02,DE
user_54,2022-11-30,DE
user_55,2022-10-28,NG
user_56,2023-02-15,DE
user_57,2022-10-19,UK
user_58,2022-04-22,UK
user_59,2022-05-27,NG
user_60,2023-11-02,CA
user_61,2023-01-08,FR
user_62,2023-05-04,AU
user_63,2022-11-15,CA
user_64,2023-06-01,BR
user_65,2022-11-06,UK
user_66,2022-10-21,BR
user_67,2023-12-14,CA
user_68,2022-10-01,AU
user_69,2022-02-11,AU
user_70,2022-05-31,US
user_71,2023-06-04,AU
user_72,2022-03-23,FR
user_73,2023-09-20,AU
user_74,2022-11-11,CA
user_75,2023-10-27,US
user_76,2023-09-07,CA
user_77,2022-07-07,CA
user_78,2023-07-07,IN
user_79,2023-10-29,US
user_80,2023-03-01,CA
user_81,2022-10-11,IN
user_82,2023-09-12,IN
user_83,2023-07-04,US
user_84,2022-12-01,BR
user_85,2023-03-05,FR
user_86,2023-10-05,AU
user_87,2022-08-04,FR
user_88,2022-03-31,AU
user_89,2022-06-10,CA
user_90,2022-08-03,UK
user_91,2023-10-11,US
user_92,2022-08-26,FR
user_93,2022-12-11,FR
user_94,2022-04-25,CA
user_95,2022-11-04,BR
user_96,2023-05-03,IN
user_97,2023-04-10,CA
user_98,2023-10-17,DE
user_99,2023-01-16,IN
user_100,2023-10-02,US
user_101,2023-05-23,IN
user_102,2022-09-14,BR
user_103,2023-04-26,IN
user_104,2023-04-11,US
user_105,2023-03-10,BR
user_106,2023-06-20,FR
user_107,2023-04-05,FR
user_108,2022-01-30,AU
user_109,2023-11-26,IN
user_110,2023-11-23,FR
user_111,2023-06-10,US
user_112,2022-03-01,NG
user_113,2022-01-16,NG
user_114,2023-12-07,BR
user_115,2023-05-09,FR
user_116,2023-09-16,FR
user_117,2022-01-26,NG
user_118,2022-08-18,FR
user_119,2022-03-14,IN
user_120,2022-11-18,DE
user_121,2023-05-31,UK
user_122,2022-12-18,AU
user_123,2023-03-24,BR
user_124,2022-03-02,DE
user_125,2023-08-14,NG
user_126,2023-03-02,FR
user_127,2023-08-26,AU
user_128,2022-04-15,FR
user_129,2022-10-03,US
user_130,2022-09-27,US
user_131,2022-10-03,AU
user_132,2023-08-23,AU
user_133,2022-04-13,NG
user_134,2022-10-07,AU
user_135,2022-07-13,IN
user_136,2023-07-22,FR
user_137,2022-06-12,DE
user_138,2022-08-18,CA
user_139,2023-04-28,AU
user_140,2023-10-20,BR
user_141,2023-05-13,US
user_142,2022-11-24,IN
user_143,2022-08-17,CA
user_144,2023-04-05,DE
user_145,2023-03-10,CA
user_146,2023-09-27,AU
user_147,2022-09-14,NG
user_148,2022-10-02,US
user_149,2023-03-12,US
user_150,2023-12-21,NG
user_151,2023-09-29,FR
user_152,2023-04-28,UK
user_153,2023-09-25,IN
user_154,2023-04-22,US
user_155,2022-08-15,BR
user_156,2022-07-11,US
user_157,2022-06-09,CA
user_158,2023-01-23,US
user_159,2023-12-05,US
user_160,2023-07-20,UK
user_161,2022-09-19,UK
user_162,2022-04-01,DE
user_163,2022-09-24,FR
user_164,2023-10-16,BR
user_165,2022-08-13,US
user_166,2022-05-10,US
user_167,2022-02-27,IN
user_168,2023-10-06,UK
user_169,2023-11-06,BR
user_170,2023-01-14,DE
user_171,2023-02-20,FR
user_172,2023-08-28,NG
user_173,2023-09-08,FR
user_174,2023-08-14,CA
user_175,2022-08-08,US
user_176,2022-08-05,DE
user_177,2023-09-25,CA
user_178,2023-07-05,BR
user_179,2023-02-02,NG
user_180,2023-08-11,UK
user_181,2022-03-27,DE
user_182,2022-11-18,DE
user_183,2022-10-24,US
user_184,2022-10-13,AU
user_185,2023-08-27,DE
user_186,2023-07-06,IN
user_187,2023-09-30,NG
user_188,2023-08-12,NG
user_189,2022-06-21,IN
user_190,2022-09-24,IN
user_191,2023-09-27,IN
user_192,2022-07-08,NG
user_193,2023-07-06,FR
user_194,2023-09-20,NG
user_195,2023-05-08,AU
user_196,2023-06-05,US
user_197,2022-09-12,CA
user_198,2022-09-08,FR
user_199,2023-05-27,UK
user_200,2022-07-06,CA
user_201,2022-05-19,US
user_202,2023-07-05,AU
user_203,2023-08-18,AU
user_204,2022-02-13,UK
user_205,2022-01-28,FR
user_206,2022-04-22,IN
user_207,2022-10-31,FR
user_208,2023-08-31,AU
user_209,2023-08-03,NG
user_210,2022-07-16,US
user_211,2022-07-21,UK
user_212,2022-11-21,US
user_213,2022-04-28,BR
user_214,2023-09-16,BR
user_215,2022-01-30,FR
user_216,2022-01-28,AU
user_217,2023-01-30,AU
user_218,2022-08-27,IN
user_219,2023-01-28,IN
user_220,2022-12-05,IN
user_221,2022-02-02,NG
user_222,2022-02-09,CA
user_223,2022-05-24,DE
user_224,2023-08-09,CA
user_225,2022-08-25,US
user_226,2023-11-22,CA
user_227,2023-04-28,NG
user_228,2023-12-10,US
user_229,2022-05-25,CA
user_230,2023-12-03,NG
user_231,2022-11-24,DE
user_232,2023-07-15,CA
user_233,2023-05-29,NG
user_234,2023-12-09,IN
user_235,2022-08-05,AU
user_236,2022-02-18,IN
user_237,2022-01-24,AU
user_238,2023-02-24,UK
user_239,2022-03-20,UK
user_240,2022-12-20,UK
user_241,2022-06-12,DE
user_242,2022-10-15,IN
user_243,2023-04-08,AU
user_244,2023-09-09,NG
user_245,2022-11-20,US
user_246,2023-04-08,NG
user_247,2022-09-11,US
user_248,2023-08-27,BR
user_249,2022-01-21,NG
user_250,2022-12-24,CA
user_251,2022-12-15,CA
user_252,2023-09-06,FR
user_253,2022-07-27,IN
user_254,2022-03-29,US
user_255,2022-12-25,US
user_256,2022-05-18,IN
user_257,2023-12-22,DE
user_258,2022-11-24,FR
user_259,2022-11-29,DE
user_260,2023-10-28,DE
user_261,2022-12-07,DE
user_262,2022-08-28,IN
user_263,2022-06-06,DE
user_264,2023-12-19,CA
user_265,2022-12-10,UK
user_266,2022-03-10,BR
user_267,2022-02-19,US
user_268,2022-10-20,US
user_269,2023-10-01,BR
user_270,2022-09-01,IN
user_271,2022-07-22,NG
user_272,2022-09-26,IN
user_273,2022-05-22,US
user_274,2023-04-22,US
user_275,2023-07-06,BR
user_276,2023-04-20,DE
user_277,2022-04-20,IN
user_278,2022-01-24,AU
user_279,2023-05-12,BR
user_280,2023-08-16,CA
user_281,2024-01-01,US
user_282,2022-08-10,BR
user_283,2023-10-10,IN
user_284,2022-09-20,US
user_285,2022-10-29,NG
user_286,2022-09-11,BR
user_287,2022-06-26,FR
user_288,2023-09-27,US
user_289,2023-07-30,IN
user_290,2022-02-18,UK
user_291,2023-08-11,AU
user_292,2022-01-24,DE
user_293,2022-08-09,IN
user_294,2022-12-28,CA
user_295,2023-08-28,CA
user_296,2023-06-05,UK
user_297,2023-07-20,DE
user_298,2023-12-03,FR
user_299,2023-12-29,UK
user_300,2022-09-20,UK
user_301,2023-08-10,US
user_302,2023-01-21,CA
user_303,2023-10-04,US
user_304,2023-01-15,AU
user_305,2023-10-11,DE
user_306,2023-07-28,FR
user_307,2022-02-08,FR
user_308,2023-07-16,IN
user_309,2022-08-25,UK
user_310,2022-02-24,AU
user_311,2022-07-02,CA
user_312,2022-05-20,FR
user_313,2022-06-24,AU
user_314,2022-05-04,NG
user_315,2023-10-21,NG
user_316,2022-07-17,US
user_317,2022-10-14,CA
user_318,2022-08-31,IN
user_319,2022-02-12,FR
user_320,2023-07-01,UK
user_321,2022-02-17,UK
user_322,2023-10-14,FR
user_323,2022-12-31,DE
user_324,2023-12-22,IN
user_325,2023-11-13,AU
user_326,2022-07-26,DE
user_327,2022-02-13,DE
user_328,2022-11-29,US
user_329,2022-01-01,NG
user_330,2023-08-18,DE
user_331,2023-10-05,DE
user_332,2022-04-27,BR
user_333,2022-02-19,US
user_334,2023-01-02,CA
user_335,2023-11-08,BR
user_336,2022-06-06,BR
user_337,2022-11-22,FR
user_338,2023-09-05,NG
user_339,2022-04-14,DE
user_340,2022-06-21,NG
user_341,2022-10-07,IN
user_342,2023-08-13,FR
user_343,2022-05-10,CA
user_344,2022-04-03,NG
user_345,2023-07-13,UK
user_346,2023-02-16,IN
user_347,2023-10-21,US
user_348,2022-08-02,CA
user_349,2023-01-06,IN
user_350,2022-01-11,FR
user_351,2023-11-19,BR
user_352,2022-01-08,BR
user_353,2023-03-16,FR
user_354,2022-11-02,AU
user_355,2022-08-11,BR
user_356,2023-11-29,US
user_357,2022-03-16,US
user_358,2022-04-22,UK
user_359,2023-09-20,DE
user_360,2023-08-21,AU
user_361,2022-12-10,CA
user_362,2023-09-28,BR
user_363,2023-10-16,US
user_364,2022-08-26,FR
user_365,2023-08-26,BR
user_366,2022-08-13,DE
user_367,2023-01-20,FR
user_368,2023-04-14,IN
user_369,2023-04-08,IN
user_370,2023-09-12,BR
user_371,2022-08-13,DE
user_372,2023-05-22,AU
user_373,2022-12-14,BR
user_374,2022-07-02,US
user_375,2022-09-30,NG
user_376,2023-08-17,BR
user_377,2023-10-14,BR
user_378,2022-12-17,FR
user_379,2022-10-23,NG
user_380,2023-05-16,US
user_381,2022-04-21,BR
user_382,2022-02-07,FR
user_383,2023-08-05,DE
user_384,2023-06-13,BR
user_385,2022-04-20,NG
user_386,2022-05-11,UK
user_387,2023-05-30,NG
user_388,2022-09-06,IN
user_389,2022-09-11,US
user_390,2023-02-09,CA
user_391,2023-01-28,BR
user_392,2023-02-07,NG
user_393,2022-07-22,CA
user_394,2023-10-26,FR
user_395,2022-06-21,UK
user_396,2022-03-18,US
user_397,2023-07-11,NG
user_398,2022-06-25,CA
user_399,2022-08-26,UK
user_400,2022-01-18,IN
user_401,2023-05-04,US
user_402,2023-09-20,US
user_403,2022-02-27,IN
user_404,2023-05-10,BR
user_405,2023-08-31,IN
user_406,2022-08-12,US
user_407,2022-11-16,US
user_408,2022-08-11,CA
user_409,2023-10-04,UK
user_410,2022-04-12,IN
user_411,2022-11-16,UK
user_412,2023-08-15,IN
user_413,2022-05-13,FR
user_414,2022-07-31,US
user_415,2022-01-21,CA
user_416,2023-09-24,UK
user_417,2023-12-12,IN
user_418,2022-08-24,AU
user_419,2023-11-05,FR
user_420,2023-09-21,NG
user_421,2022-05-14,BR
user_422,2022-02-06,UK
user_423,2022-09-24,CA
user_424,2023-06-03,NG
user_425,2022-10-28,AU
user_426,2022-02-12,BR
user_427,2022-02-27,AU
user_428,2022-07-11,NG
user_429,2022-06-30,BR
user_430,2022-01-12,AU
user_431,2023-06-21,CA
user_432,2023-01-27,IN
user_433,2022-11-12,US
user_434,2023-04-26,IN
user_435,2022-08-16,NG
user_436,2023-08-09,UK
user_437,2023-05-21,US
user_438,2022-05-14,FR
user_439,2022-05-26,CA
user_440,2022-04-26,FR
user_441,2022-01-22,BR
user_442,2022-12-11,US
user_443,2022-06-24,FR
user_444,2022-07-05,FR
user_445,2022-01-01,AU
user_446,2022-05-21,IN
user_447,2023-05-14,AU
user_448,2022-12-28,US
user_449,2023-02-10,US
user_450,2023-04-17,NG
user_451,2022-09-04,AU
user_452,2023-07-23,DE
user_453,2023-06-20,IN
user_454,2022-08-20,US
user_455,2023-06-30,NG
user_456,2022-12-20,AU
user_457,2023-08-31,IN
user_458,2022-04-10,AU
user_459,2022-02-07,FR
user_460,2023-01-24,NG
user_461,2022-03-20,IN
user_462,2023-03-08,BR
user_463,2022-05-10,BR
user_464,2022-03-06,IN
user_465,2022-03-07,AU
user_466,2022-05-20,NG
user_467,2022-10-16,BR
user_468,2023-11-14,NG
user_469,2022-11-22,BR
user_470,2023-03-19,FR
user_471,2023-09-29,AU
user_472,2023-09-01,FR
user_473,2022-08-25,BR
user_474,2022-08-12,FR
user_475,2022-08-22,BR
user_476,2022-02-18,IN
user_477,2022-10-28,FR
user_478,2022-09-12,UK
user_479,2023-08-17,AU
user_480,2023-02-07,US
user_481,2023-11-20,DE
user_482,2023-03-10,FR
user_483,2023-08-29,CA
user_484,2022-06-02,AU
user_485,2022-04-30,UK
user_486,2022-05-13,UK
user_487,2023-02-14,BR
user_488,2022-12-19,BR
user_489,2022-12-05,DE
user_490,2022-03-25,IN
user_491,2022-02-26,CA
user_492,2023-06-14,US
user_493,2023-12-20,DE
user_494,2022-10-25,NG
user_495,2023-07-12,US
user_496,2022-11-28,FR
user_497,2023-11-15,AU
user_498,2022-08-22,NG
user_499,2023-12-09,NG
user_500,2022-09-23,DE
user_501,2023-12-22,IN
user_502,2023-06-14,DE
user_503,2022-02-06,FR
user_504,2022-07-31,IN
user_505,2022-06-22,FR
user_506,2022-02-19,IN
user_507,2022-09-04,UK
user_508,2022-10-22,NG
user_509,2023-05-24,CA
user_510,2022-10-16,AU
user_511,2022-12-11,FR
user_512,2023-01-26,US
user_513,2022-06-10,IN
user_514,2022-07-29,AU
user_515,2022-01-25,US
user_516,2022-07-28,AU
user_517,2022-11-25,CA
user_518,2023-09-30,US
user_519,2023-09-07,DE
user_520,2022-08-11,BR
user_521,2022-01-30,DE
user_522,2023-06-15,BR
user_523,2023-11-12,DE
user_524,2022-09-17,BR
user_525,2022-01-01,BR
user_526,2023-02-23,NG
user_527,2023-11-20,IN
user_528,2023-10-29,IN
user_529,2023-04-07,NG
user_530,2023-02-25,AU
user_531,2022-07-30,UK
user_532,2023-12-25,AU
user_533,2022-10-15,US
user_534,2022-07-31,US
user_535,2023-04-08,BR
user_536,2023-09-28,DE
user_537,2022-10-18,DE
user_538,2022-06-13,IN
user_539,2022-04-11,FR
user_540,2022-07-25,AU
user_541,2023-08-15,CA
user_542,2022-03-12,DE
user_543,2023-10-04,CA
user_544,2022-10-18,BR
user_545,2022-08-08,CA
user_546,2023-01-30,NG
user_547,2023-02-17,CA
user_548,2022-06-18,UK
user_549,2022-10-18,BR
user_550,2022-01-31,AU
user_551,2023-09-06,NG
user_552,2023-11-05,DE
user_553,2022-02-22,US
user_554,2023-10-02,AU
user_555,2023-01-05,US
user_556,2023-01-04,BR
user_557,2023-04-26,NG
user_558,2023-12-29,IN
user_559,2023-11-29,DE
user_560,2022-12-19,UK
user_561,2023-01-09,IN
user_562,2023-03-21,BR
user_563,2024-01-01,AU
user_564,2022-06-15,UK
user_565,2023-05-21,CA
user_566,2022-05-07,UK
user_567,2023-01-08,BR
user_568,2023-12-17,FR
user_569,2022-09-10,CA
user_570,2023-03-13,US
user_571,2023-01-05,DE
user_572,2022-06-02,US
user_573,2023-05-01,UK
user_574,2023-06-17,US
user_575,2022-01-06,BR
user_576,2022-09-12,AU
user_577,2023-01-21,DE
user_578,2022-12-19,US
user_579,2022-07-01,US
user_580,2022-11-24,UK
user_581,2022-02-13,AU
user_582,2023-01-25,IN
user_583,2022-05-28,US
user_584,2022-07-11,BR
user_585,2022-11-17,FR
user_586,2023-03-09,DE
user_587,2022-11-01,US
user_588,2023-11-05,BR
user_589,2022-12-29,BR
user_590,2022-04-21,DE
user_591,2023-08-17,IN
user_592,2023-05-12,BR
user_593,2023-02-28,FR
user_594,2022-04-29,BR
user_595,2023-08-20,BR
user_596,2022-06-06,BR
user_597,2022-04-02,IN
user_598,2022-07-25,US
user_599,2023-08-13,BR
user_600,2023-09-20,AU
user_601,2023-05-11,US
user_602,2022-06-17,IN
user_603,2022-06-29,NG
user_604,2023-05-24,US
user_605,2022-09-09,US
user_606,2023-10-15,CA
user_607,2022-02-18,UK
user_608,2022-12-22,CA
user_609,2022-09-12,FR
user_610,2022-05-06,UK
user_611,2022-12-09,DE
user_612,2022-12-02,DE
user_613,2023-10-30,IN
user_614,2022-11-03,UK
user_615,2022-08-03,US
user_616,2022-07-05,DE
user_617,2022-08-01,BR
user_618,2022-05-26,AU
user_619,2023-01-09,US
user_620,2023-02-07,FR
user_621,2023-09-19,BR
user_622,2022-06-19,BR
user_623,2022-11-30,UK
user_624,2023-11-10,IN
user_625,2023-11-17,FR
user_626,2022-01-29,DE
user_627,2022-09-17,UK
user_628,2023-04-01,DE
user_629,2022-04-19,UK
user_630,2022-06-12,UK
user_631,2023-07-09,UK
user_632,2023-04-01,IN
user_633,2023-06-22,UK
user_634,2023-02-28,NG
user_635,2023-09-08,AU
user_636,2023-07-24,DE
user_637,2023-07-21,US
user_638,2022-08-16,CA
user_639,2023-05-29,FR
user_640,2023-01-06,IN
user_641,2023-09-22,US
user_642,2022-04-17,BR
user_643,2023-05-23,NG
user_644,2022-04-21,CA
user_645,2023-11-20,US
user_646,2022-08-12,US
user_647,2023-08-12,NG
user_648,2023-12-16,CA
user_649,2022-06-21,BR
user_650,2022-08-29,UK
user_651,2022-09-17,DE
user_652,2023-01-06,BR
user_653,2022-10-05,UK
user_654,2022-10-29,IN
user_655,2023-03-31,AU
user_656,2022-05-17,FR
user_657,2022-05-21,FR
user_658,2022-08-23,DE
user_659,2022-06-02,CA
user_660,2022-01-15,NG
user_661,2022-12-08,CA
user_662,2022-07-23,NG
user_663,2022-08-11,CA
user_664,2022-04-16,AU
user_665,2023-10-07,IN
user_666,2023-08-12,IN
user_667,2023-02-21,UK
user_668,2023-07-04,IN
user_669,2023-05-13,IN
user_670,2023-11-20,BR
user_671,2022-02-25,BR
user_672,2023-03-25,UK
user_673,2022-09-25,DE
user_674,2023-02-12,BR
user_675,2022-05-15,DE
user_676,2023-10-20,US
user_677,2023-12-22,BR
user_678,2022-06-29,AU
user_679,2023-10-28,UK
user_680,2023-09-05,US
user_681,2023-04-10,AU
user_682,2023-07-29,AU
user_683,2023-12-07,AU
user_684,2022-11-02,DE
user_685,2023-05-29,CA
user_686,2022-08-11,US
user_687,2023-01-26,NG
user_688,2022-11-23,US
user_689,2023-03-16,CA
user_690,2023-11-03,US
user_691,2022-01-08,IN
user_692,2022-02-27,NG
user_693,2023-04-02,CA
user_694,2022-10-14,DE
user_695,2022-06-22,FR
user_696,2022-01-21,CA
user_697,2023-05-01,UK
user_698,2022-08-01,CA
user_699,2023-03-20,IN
user_700,2022-04-06,FR
user_701,2023-11-12,IN
user_702,2023-02-12,FR
user_703,2023-04-22,UK
user_704,2023-11-30,DE
user_705,2023-03-17,IN
user_706,2023-06-11,IN
user_707,2023-09-07,AU
user_708,2022-06-15,FR
user_709,2023-07-24,BR
user_710,2023-03-05,FR
user_711,2023-12-06,AU
user_712,2023-06-24,US
user_713,2022-10-07,FR
user_714,2023-11-20,DE
user_715,2022-01-17,AU
user_716,2023-10-22,US
user_717,2022-07-24,NG
user_718,2023-05-05,AU
user_719,2023-05-21,NG
user_720,2023-01-07,IN
user_721,2023-11-07,AU
user_722,2022-11-17,UK
user_723,2022-06-08,NG
user_724,2022-09-15,DE
user_725,2023-07-22,UK
user_726,2022-01-26,CA
user_727,2022-02-19,CA
user_728,2023-03-07,US
user_729,2023-06-02,IN
user_730,2022-10-23,AU
user_731,2022-07-14,BR
user_732,2023-05-10,DE
user_733,2022-10-09,NG
user_734,2023-09-09,UK
user_735,2023-10-11,CA
user_736,2023-08-12,DE
user_737,2023-08-24,BR
user_738,2022-05-21,AU
user_739,2023-03-21,US
user_740,2022-12-03,BR
user_741,2022-11-06,DE
user_742,2023-07-24,BR
user_743,2023-12-09,DE
user_744,2022-03-13,DE
user_745,2022-10-04,FR
user_746,2023-08-05,NG
user_747,2022-06-13,CA
user_748,2022-07-12,FR
user_749,2022-07-24,AU
user_750,2023-01-22,FR
user_751,2023-10-02,IN
user_752,2022-05-29,IN
user_753,2022-09-17,CA
user_754,2022-06-11,BR
user_755,2022-07-21,NG
user_756,2022-06-17,CA
user_757,2022-10-04,DE
user_758,2022-01-06,UK
user_759,2022-04-15,NG
user_760,2023-11-02,NG
user_761,2022-07-14,DE
user_762,2023-01-14,DE
user_763,2022-09-07,US
user_764,2023-10-28,CA
user_765,2022-11-09,DE
user_766,2023-11-29,IN
user_767,2023-06-13,AU
user_768,2023-01-20,UK
user_769,2022-12-12,CA
user_770,2023-01-15,IN
user_771,2022-04-18,BR
user_772,2022-03-08,DE
user_773,2023-12-13,DE
user_774,2022-07-28,NG
user_775,2022-05-15,IN
user_776,2023-03-02,NG
user_777,2022-10-25,US
user_778,2022-07-13,NG
user_779,2023-08-02,US
user_780,2022-04-24,US
user_781,2023-09-05,DE
user_782,2023-06-02,BR
user_783,2022-05-02,NG
user_784,2022-03-07,IN
user_785,2023-12-02,US
user_786,2023-10-28,DE
user_787,2022-04-21,UK
user_788,2023-09-15,CA
user_789,2022-06-29,BR
user_790,2023-09-03,FR
user_791,2023-11-23,UK
user_792,2023-04-09,CA
user_793,2023-01-10,UK
user_794,2023-08-18,NG
user_795,2023-04-14,US
user_796,2022-10-18,BR
user_797,2023-03-29,AU
user_798,2022-12-25,US
user_799,2023-07-02,AU
user_800,2022-10-19,CA
user_801,2023-10-21,DE
user_802,2022-05-12,FR
user_803,2023-07-15,IN
user_804,2023-08-18,US
user_805,2022-10-14,BR
user_806,2023-11-24,UK
user_807,2023-12-20,BR
user_808,2023-08-06,CA
user_809,2023-07-15,AU
user_810,2022-09-03,UK
user_811,2023-01-10,IN
user_812,2023-11-28,IN
user_813,2022-01-31,US
user_814,2023-10-25,CA
user_815,2022-03-02,DE
user_816,2023-06-20,CA
user_817,2022-04-21,AU
user_818,2022-07-20,BR
user_819,2023-05-22,IN
user_820,2023-05-23,BR
user_821,2022-09-15,BR
user_822,2022-11-03,BR
user_823,2023-03-27,IN
user_824,2023-07-20,NG
user_825,2022-07-09,AU
user_826,2023-05-07,AU
user_827,2022-11-30,UK
user_828,2022-08-03,CA
user_829,2023-04-11,CA
user_830,2023-03-15,FR
user_831,2023-05-24,CA
user_832,2023-03-07,IN
user_833,2022-03-11,DE
user_834,2022-08-17,US
user_835,2023-01-04,FR
user_836,2022-10-23,US
user_837,2023-02-14,AU
user_838,2022-04-20,US
user_839,2023-08-01,US
user_840,2023-12-03,FR
user_841,2022-08-27,UK
user_842,2023-07-21,BR
user_843,2023-06-13,CA
user_844,2023-09-29,CA
user_845,2023-09-18,IN
user_846,2022-11-14,FR
user_847,2023-10-09,IN
user_848,2023-05-05,DE
user_849,2023-03-02,DE
user_850,2023-04-05,IN
user_851,2022-08-20,FR
user_852,2023-04-19,IN
user_853,2023-12-23,CA
user_854,2023-02-06,NG
user_855,2023-12-17,US
user_856,2022-03-24,NG
user_857,2022-06-19,FR
user_858,2022-01-27,NG
user_859,2022-02-03,DE
user_860,2022-05-10,AU
user_861,2023-05-24,US
user_862,2022-12-28,BR
user_863,2023-09-10,FR
user_864,2022-01-13,US
user_865,2023-03-19,NG
user_866,2023-01-13,DE
user_867,2023-06-11,UK
user_868,2023-08-11,BR
user_869,2023-04-03,US
user_870,2022-06-26,DE
user_871,2022-10-14,DE
user_872,2022-03-07,NG
user_873,2022-04-22,CA
user_874,2022-03-08,NG
user_875,2023-07-10,CA
user_876,2022-11-10,CA
user_877,2023-02-12,BR
user_878,2023-12-12,NG
user_879,2022-02-01,UK
user_880,2023-07-08,IN
user_881,2023-08-10,IN
user_882,2023-02-23,NG
user_883,2023-04-12,NG
user_884,2023-05-01,BR
user_885,2023-03-30,NG
user_886,2023-10-11,CA
user_887,2023-01-21,DE
user_888,2022-07-26,DE
user_889,2023-08-20,CA
user_890,2022-07-14,FR
user_891,2022-12-12,CA
user_892,2022-09-25,UK
user_893,2022-07-28,AU
user_894,2022-10-22,US
user_895,2023-10-27,CA
user_896,2023-03-03,NG
user_897,2023-09-02,NG
user_898,2022-09-08,BR
user_899,2023-07-11,CA
user_900,2022-03-26,BR
user_901,2023-07-27,CA
user_902,2022-01-25,US
user_903,2022-06-02,AU
user_904,2023-05-23,DE
user_905,2023-11-07,IN
user_906,2022-10-12,CA
user_907,2022-05-26,AU
user_908,2022-08-11,DE
user_909,2023-11-14,FR
user_910,2023-01-05,US
user_911,2022-11-30,BR
user_912,2023-07-01,BR
user_913,2022-03-30,NG
user_914,2022-05-06,DE
user_915,2022-05-21,FR
user_916,2022-02-28,AU
user_917,2022-09-09,US
user_918,2022-02-18,DE
user_919,2023-10-27,FR
user_920,2023-01-15,IN
user_921,2022-11-01,CA
user_922,2022-04-19,BR
user_923,2023-10-09,AU
user_924,2022-07-22,BR
user_925,2022-12-07,AU
user_926,2023-07-30,NG
user_927,2023-11-06,AU
user_928,2022-03-27,BR
user_929,2023-05-27,AU
user_930,2023-05-24,IN
user_931,2022-08-11,NG
user_932,2022-02-19,AU
user_933,2022-02-26,DE
user_934,2023-12-19,UK
user_935,2022-11-24,FR
user_936,2022-02-18,UK
user_937,2023-06-28,UK
user_938,2023-05-24,US
user_939,2022-07-07,IN
user_940,2022-11-24,DE
user_941,2022-12-16,CA
user_942,2022-10-14,AU
user_943,2022-09-10,FR
user_944,2023-09-03,NG
user_945,2023-08-26,DE
user_946,2022-11-05,BR
user_947,2022-12-10,CA
user_948,2022-08-12,US
user_949,2022-08-24,US
user_950,2023-11-28,DE
user_951,2023-12-20,UK
user_952,2023-07-17,BR
user_953,2022-11-26,US
user_954,2022-02-26,FR
user_955,2022-07-11,US
user_956,2022-12-15,NG
user_957,2022-05-26,AU
user_958,2022-12-15,US
user_959,2023-02-06,NG
user_960,2023-05-13,DE
user_961,2022-01-17,DE
user_962,2022-05-11,CA
user_963,2022-09-20,US
user_964,2023-10-16,FR
user_965,2022-06-05,US
user_966,2022-02-03,FR
user_967,2023-02-27,IN
user_968,2023-02-15,CA
user_969,2023-12-11,IN
user_970,2022-11-17,US
user_971,2023-02-10,CA
user_972,2023-10-14,IN
user_973,2023-08-15,UK
user_974,2022-09-24,US
user_975,2022-01-18,IN
user_976,2022-02-14,UK
user_977,2023-11-12,UK
user_978,2022-12-19,DE
user_979,2023-03-21,US
user_980,2022-09-01,UK
user_981,2023-03-21,DE
user_982,2023-09-04,IN
user_983,2023-09-30,NG
user_984,2022-10-13,US
user_985,2022-04-30,CA
user_986,2023-12-21,FR
user_987,2022-04-25,FR
user_988,2023-03-03,IN
user_989,2022-03-03,IN
user_990,2022-05-28,UK
user_991,2022-10-13,US
user_992,2023-11-24,FR
user_993,2023-08-22,FR
user_994,2023-08-20,UK
user_995,2023-03-03,FR
user_996,2022-10-25,CA
user_997,2023-01-16,US
user_998,2023-04-29,AU
user_999,2023-01-21,FR
user_1000,2022-09-14,IN
